prompt,response
"Hi, how can I assist you today?","Hello! How can I help you today?"
"What is the weather like today?","The weather is sunny with a high of 25Â°C."
"Can you tell me a joke?","Sure! Why don't scientists trust atoms? Because they make up everything!"
"What's the capital of France?","The capital of France is Paris."
"How do I reset my password?","To reset your password, go to the settings page and click on 'Forgot Password'."
"Tell me a fun fact.","Did you know that honey never spoils? Archaeologists have found pots of honey in ancient Egyptian tombs that are over 3,000 years old and still edible!"
"What's the time now?","The current time is 3:00 PM."
"How do I contact customer support?","You can contact customer support by emailing support@example.com or calling 1-800-123-4567."
"What's the latest news?","The latest news is that the stock market has reached an all-time high today."
"Can you play some music?","Sure! Playing your favorite playlist now."
"What is 2 + 2?","2 + 2 equals 4."
"What is the square root of 16?","The square root of 16 is 4."
"Solve for x: 2x + 3 = 7","To solve for x, subtract 3 from both sides to get 2x = 4, then divide by 2 to get x = 2."
"What is the derivative of x^2?","The derivative of x^2 is 2x."
"What is the integral of 1/x?","The integral of 1/x is ln|x| + C."
